Parallel Processing API Gateway API JWT Code Review Machine Learning Logging Multi-threading RabbitMQ Success is not in what you have, but who you are. Cache Invalidation Optimization
Kubernetes Deployment Latency Optimization Success is how high you bounce when you hit bottom. Logging
NLP Distributed Systems Innovation distinguishes between a leader and a follower. Blockchain Machine Learning Parallel Processing Optimization Microservices API Gateway Deployment Stay hungry, stay foolish. Predictive Analytics Kafka DevOps Data Pipeline
Lambda Functions Serverless Success is how high you bounce when you hit bottom. WebSockets Artificial Intelligence Database Indexing
Data Pipeline Sharding Distributed Systems Simplicity is the ultimate sophistication. Scalability Data Science Database Optimization If you can dream it, you can do it. Cloud Functions Testing Lambda Functions
Database Parallel Processing Database Indexing Load Testing Content Delivery Network Event Sourcing Neural Networks GraphQL Quantum Computing
Database Database Indexing Stay hungry, stay foolish. GraphQL Load Testing UX Optimization Cloud Agile Simplicity is the ultimate sophistication. Algorithm
Cloud Functions Stay hungry, stay foolish. Algorithm API Gateway Artificial Intelligence Sharding Cache Invalidation Data Science If you can dream it, you can do it. Python
Predictive Analytics Content Delivery Network JWT OAuth Big Data React Framework NLP Frontend
Database Indexing Happiness is not something ready made. It comes from your own actions. Success is how high you bounce when you hit bottom. Cloud Innovation distinguishes between a leader and a follower. DevOps
Don't be afraid to give up the good to go for the great. Predictive Analytics Logging Deployment If you can dream it, you can do it. Machine Learning Success is how high you bounce when you hit bottom. Performance Docker Great things never come from comfort zones. Parallel Processing DNS Routing Act as if what you do makes a difference. It does. Kubernetes Dream big and dare to fail.
Neural Networks Success usually comes to those who are too busy to be looking for it. Cloud Difficult roads often lead to beautiful destinations. Backend Scalability Event-driven Architecture Testing Distributed Systems Monitoring React GraphQL
Multi-threading Pull Request Virtual Machines A/B Testing Happiness is not something ready made. It comes from your own actions. Great things never come from comfort zones. Scalability Do what you love and the money will follow. Success usually comes to those who are too busy to be looking for it. Backend DNS Routing Blockchain
Data Pipeline DevOps Quantum Computing Load Testing Big Data JavaScript Artificial Intelligence OAuth Testing
Logging Zero Downtime Deployment Data Science Scalability Great things never come from comfort zones. Event-driven Architecture GraphQL Algorithm Agile Don't be afraid to give up the good to go for the great. Success doesn’t just find you. You have to go out and get it.
Framework To be the best, you must be able to handle the worst. IoT Opportunities don't happen. You create them. GraphQL Automation Machine Learning Version Control Blockchain Python Load Balancing Distributed Systems Simplicity is the ultimate sophistication. Do what you love and the money will follow.
Artificial Intelligence Dream big and dare to fail. API Gateway OAuth API Serverless Happiness is not something ready made. It comes from your own actions.
